<annotation>
	<object>
		<height>1.03</height>
		<top>
			<x>310.0172538277882</x>
			<y>411.82123431284623</y>
		</top>
	</object>
	<object>
		<height>1.02</height>
		<top>
			<x>480.3198472052193</x>
			<y>333.7955553716114</y>
		</top>
	</object>
	<object>
		<height>1.05</height>
		<top>
			<x>255.29341496646612</x>
			<y>211.23626503239214</y>
		</top>
	</object>
	<object>
		<height>1.21</height>
		<top>
			<x>328.12186088914166</x>
			<y>197.45317615705756</y>
		</top>
	</object>
</annotation>
