<annotation>
	<object>
		<height>1.03</height>
		<top>
			<x>319.31981368184114</x>
			<y>328.56163107666885</y>
		</top>
	</object>
	<object>
		<height>1.02</height>
		<top>
			<x>312.73107487023816</x>
			<y>281.28556871940896</y>
		</top>
	</object>
	<object>
		<height>1.15</height>
		<top>
			<x>248.5573521439871</x>
			<y>213.93021260582012</y>
		</top>
	</object>
	<object>
		<height>0.99</height>
		<top>
			<x>292.0209054083807</x>
			<y>325.5289360171837</y>
		</top>
	</object>
</annotation>
