<annotation>
	<object>
		<height>1.03</height>
		<top>
			<x>307.6084713704188</x>
			<y>275.653556278623</y>
		</top>
	</object>
	<object>
		<height>1.06</height>
		<top>
			<x>288.3667246425034</x>
			<y>319.2021803199021</y>
		</top>
	</object>
	<object>
		<height>1.05</height>
		<top>
			<x>320.8590244595858</x>
			<y>333.4100390116255</y>
		</top>
	</object>
	<object>
		<height>1.13</height>
		<top>
			<x>254.59500034463844</x>
			<y>221.49515063267106</y>
		</top>
	</object>
</annotation>
