<annotation>
	<object>
		<height>1.1</height>
		<top>
			<x>285.1594035153026</x>
			<y>307.6704457893556</y>
		</top>
	</object>
	<object>
		<height>1.05</height>
		<top>
			<x>299.19340963452186</x>
			<y>265.9490176899616</y>
		</top>
	</object>
	<object>
		<height>1.05</height>
		<top>
			<x>323.0063106835832</x>
			<y>345.77744420989353</y>
		</top>
	</object>
	<object>
		<height>1.05</height>
		<top>
			<x>261.387963317767</x>
			<y>231.72861271334463</y>
		</top>
	</object>
</annotation>
