<annotation>
	<object>
		<height>1.09</height>
		<top>
			<x>283.46065735182333</x>
			<y>297.11155131528955</y>
		</top>
	</object>
	<object>
		<height>1.03</height>
		<top>
			<x>325.4788597404591</x>
			<y>357.95396703134037</y>
		</top>
	</object>
	<object>
		<height>1.01</height>
		<top>
			<x>294.214290838293</x>
			<y>256.0101138227728</y>
		</top>
	</object>
	<object>
		<height>1.16</height>
		<top>
			<x>262.6547579422749</x>
			<y>241.58378284747184</y>
		</top>
	</object>
</annotation>
