<annotation>
	<object>
		<height>1.03</height>
		<top>
			<x>327.8996018859586</x>
			<y>363.3673367628844</y>
		</top>
	</object>
	<object>
		<height>1.07</height>
		<top>
			<x>279.89652330839516</x>
			<y>289.9839646195991</y>
		</top>
	</object>
	<object>
		<height>1.17</height>
		<top>
			<x>267.1344411106398</x>
			<y>245.10875674892583</y>
		</top>
	</object>
	<object>
		<height>1.01</height>
		<top>
			<x>289.7292993533902</x>
			<y>250.13903702798817</y>
		</top>
	</object>
</annotation>
