<annotation>
	<object>
		<height>1.03</height>
		<top>
			<x>329.92545713036094</x>
			<y>369.21595557082696</y>
		</top>
	</object>
	<object>
		<height>1.09</height>
		<top>
			<x>275.7158227523391</x>
			<y>284.0511134206693</y>
		</top>
	</object>
	<object>
		<height>1.17</height>
		<top>
			<x>269.8373686496034</x>
			<y>249.4780127670792</y>
		</top>
	</object>
	<object>
		<height>1.01</height>
		<top>
			<x>285.66410131405564</x>
			<y>246.8103660286011</y>
		</top>
	</object>
</annotation>
