<annotation>
	<object>
		<height>1.05</height>
		<top>
			<x>332.74197378223727</x>
			<y>380.02935054693904</y>
		</top>
	</object>
	<object>
		<height>1.08</height>
		<top>
			<x>267.6213787401621</x>
			<y>272.84310689790817</y>
		</top>
	</object>
	<object>
		<height>1.19</height>
		<top>
			<x>276.0936628579705</x>
			<y>255.3211290218427</y>
		</top>
	</object>
	<object>
		<height>1.02</height>
		<top>
			<x>281.6674647761332</x>
			<y>241.68343549833062</y>
		</top>
	</object>
</annotation>
