<annotation>
	<object>
		<height>1.12</height>
		<top>
			<x>264.3721289741045</x>
			<y>267.03167168484066</y>
		</top>
	</object>
	<object>
		<height>1.21</height>
		<top>
			<x>278.0925262760081</x>
			<y>256.66146715620164</y>
		</top>
	</object>
	<object>
		<height>1.02</height>
		<top>
			<x>280.0280773692339</x>
			<y>240.40846836790243</y>
		</top>
	</object>
	<object>
		<height>1.04</height>
		<top>
			<x>334.0446659543882</x>
			<y>384.80573495393594</y>
		</top>
	</object>
</annotation>
