<annotation>
	<object>
		<height>1.05</height>
		<top>
			<x>334.4739832621752</x>
			<y>389.81608586058627</y>
		</top>
	</object>
	<object>
		<height>1.13</height>
		<top>
			<x>262.0705777097847</x>
			<y>262.4101936469708</y>
		</top>
	</object>
	<object>
		<height>1.16</height>
		<top>
			<x>281.0259267166713</x>
			<y>259.1320124667811</y>
		</top>
	</object>
	<object>
		<height>1.01</height>
		<top>
			<x>278.9435166450306</x>
			<y>240.94619756303183</y>
		</top>
	</object>
</annotation>
