<annotation>
	<object>
		<height>1.04</height>
		<top>
			<x>333.9539487841357</x>
			<y>401.85581747643454</y>
		</top>
	</object>
	<object>
		<height>1.05</height>
		<top>
			<x>272.49654115410345</x>
			<y>239.31537877529263</y>
		</top>
	</object>
	<object>
		<height>1.11</height>
		<top>
			<x>254.31214948022355</x>
			<y>250.30648989450583</y>
		</top>
	</object>
	<object>
		<height>1.18</height>
		<top>
			<x>286.22009678614467</x>
			<y>261.8148500251901</y>
		</top>
	</object>
</annotation>
