<annotation>
	<object>
		<height>1.05</height>
		<top>
			<x>332.4203204024709</x>
			<y>406.85476896232603</y>
		</top>
	</object>
	<object>
		<height>1.09</height>
		<top>
			<x>254.1878541791522</x>
			<y>245.96419354400157</y>
		</top>
	</object>
	<object>
		<height>1.14</height>
		<top>
			<x>288.7049529325401</x>
			<y>264.50378369294424</y>
		</top>
	</object>
	<object>
		<height>1.02</height>
		<top>
			<x>271.3084869987195</x>
			<y>239.37290831484418</y>
		</top>
	</object>
</annotation>
