<annotation>
	<object>
		<height>1.06</height>
		<top>
			<x>331.65875885740803</x>
			<y>412.0995917953957</y>
		</top>
	</object>
	<object>
		<height>1.15</height>
		<top>
			<x>293.25630361037435</x>
			<y>268.380690973085</y>
		</top>
	</object>
	<object>
		<height>1.06</height>
		<top>
			<x>247.9557889321933</x>
			<y>240.48823446078526</y>
		</top>
	</object>
	<object>
		<height>1.0</height>
		<top>
			<x>270.6001712767021</x>
			<y>238.29564184035615</y>
		</top>
	</object>
</annotation>
