<annotation>
	<object>
		<height>1.01</height>
		<top>
			<x>329.80810770124214</x>
			<y>422.80359111271247</y>
		</top>
	</object>
	<object>
		<height>1.17</height>
		<top>
			<x>297.7717258289216</x>
			<y>272.89425472910216</y>
		</top>
	</object>
	<object>
		<height>0.99</height>
		<top>
			<x>271.7015027930384</x>
			<y>237.86845111648904</y>
		</top>
	</object>
	<object>
		<height>0.98</height>
		<top>
			<x>246.84632194750117</x>
			<y>229.1356491904236</y>
		</top>
	</object>
</annotation>
