<annotation>
	<object>
		<height>1.01</height>
		<top>
			<x>332.52118900855857</x>
			<y>425.0001874425157</y>
		</top>
	</object>
	<object>
		<height>1.18</height>
		<top>
			<x>301.9635578547164</x>
			<y>277.7314514119778</y>
		</top>
	</object>
	<object>
		<height>0.93</height>
		<top>
			<x>242.62960909511807</x>
			<y>222.66212860296267</y>
		</top>
	</object>
	<object>
		<height>0.99</height>
		<top>
			<x>272.2515744038886</x>
			<y>238.14032101222398</y>
		</top>
	</object>
	<object>
		<height>1.09</height>
		<top>
			<x>330.09502619654484</x>
			<y>218.57461343640065</y>
		</top>
	</object>
</annotation>
