<annotation>
	<object>
		<height>1.03</height>
		<top>
			<x>334.1033182439755</x>
			<y>430.9378561697339</y>
		</top>
	</object>
	<object>
		<height>1.17</height>
		<top>
			<x>305.07738451745513</x>
			<y>282.0930838647264</y>
		</top>
	</object>
	<object>
		<height>1.0</height>
		<top>
			<x>271.498269580876</x>
			<y>238.2354984635684</y>
		</top>
	</object>
	<object>
		<height>1.08</height>
		<top>
			<x>335.72459809334765</x>
			<y>224.73236497888757</y>
		</top>
	</object>
</annotation>
