<annotation>
	<object>
		<height>1.04</height>
		<top>
			<x>333.54031310527927</x>
			<y>441.9805651907784</y>
		</top>
	</object>
	<object>
		<height>1.18</height>
		<top>
			<x>312.946629065746</x>
			<y>293.2168538660018</y>
		</top>
	</object>
	<object>
		<height>0.98</height>
		<top>
			<x>270.92015202584014</x>
			<y>238.4770233757579</y>
		</top>
	</object>
	<object>
		<height>1.1</height>
		<top>
			<x>339.2099556871955</x>
			<y>232.76783269207547</y>
		</top>
	</object>
</annotation>
