<annotation>
	<object>
		<height>1.17</height>
		<top>
			<x>312.4401439601769</x>
			<y>297.28986755539364</y>
		</top>
	</object>
	<object>
		<height>0.98</height>
		<top>
			<x>271.4948175233569</x>
			<y>238.00776105299227</y>
		</top>
	</object>
	<object>
		<height>1.08</height>
		<top>
			<x>340.45285367684926</x>
			<y>238.24978300957832</y>
		</top>
	</object>
	<object>
		<height>1.05</height>
		<top>
			<x>334.7897111449317</x>
			<y>446.52008715391565</y>
		</top>
	</object>
</annotation>
