<annotation>
	<object>
		<height>1.05</height>
		<top>
			<x>335.08742556041557</x>
			<y>450.37072853717245</y>
		</top>
	</object>
	<object>
		<height>1.18</height>
		<top>
			<x>316.70046522922627</x>
			<y>302.1563363612322</y>
		</top>
	</object>
	<object>
		<height>0.98</height>
		<top>
			<x>273.15298231891643</x>
			<y>237.3848457091952</y>
		</top>
	</object>
	<object>
		<height>1.1</height>
		<top>
			<x>344.3836702735384</x>
			<y>242.04447648373187</y>
		</top>
	</object>
</annotation>
