<annotation>
	<object>
		<height>1.01</height>
		<top>
			<x>337.2374343795358</x>
			<y>459.44577046500655</y>
		</top>
	</object>
	<object>
		<height>1.17</height>
		<top>
			<x>323.0327875962599</x>
			<y>312.6347487587987</y>
		</top>
	</object>
	<object>
		<height>0.99</height>
		<top>
			<x>277.22602365002757</x>
			<y>235.66805904757632</y>
		</top>
	</object>
	<object>
		<height>1.11</height>
		<top>
			<x>351.55482083454245</x>
			<y>250.15904514920743</y>
		</top>
	</object>
</annotation>
