<annotation>
	<object>
		<height>0.99</height>
		<top>
			<x>337.6289317992009</x>
			<y>464.7350821876007</y>
		</top>
	</object>
	<object>
		<height>1.18</height>
		<top>
			<x>326.6761760057125</x>
			<y>317.54832223451797</y>
		</top>
	</object>
	<object>
		<height>1.01</height>
		<top>
			<x>278.55016916866</x>
			<y>234.66060717697854</y>
		</top>
	</object>
	<object>
		<height>1.12</height>
		<top>
			<x>351.9040619505477</x>
			<y>255.19226807204416</y>
		</top>
	</object>
</annotation>
