<annotation>
	<object>
		<height>1.01</height>
		<top>
			<x>338.63614813969144</x>
			<y>470.75614628930066</y>
		</top>
	</object>
	<object>
		<height>1.16</height>
		<top>
			<x>331.40957410143733</x>
			<y>323.4271048744424</y>
		</top>
	</object>
	<object>
		<height>0.99</height>
		<top>
			<x>279.3423900956432</x>
			<y>235.20265182755836</y>
		</top>
	</object>
	<object>
		<height>1.1</height>
		<top>
			<x>357.4750478454104</x>
			<y>261.1231044384609</y>
		</top>
	</object>
</annotation>
