<annotation>
	<object>
		<height>0.99</height>
		<top>
			<x>340.1618501756462</x>
			<y>480.2272804028891</y>
		</top>
	</object>
	<object>
		<height>1.17</height>
		<top>
			<x>337.03414136791423</x>
			<y>332.92398151937994</y>
		</top>
	</object>
	<object>
		<height>1.11</height>
		<top>
			<x>366.1159244247943</x>
			<y>269.11688559450494</y>
		</top>
	</object>
	<object>
		<height>0.98</height>
		<top>
			<x>279.2525881999346</x>
			<y>234.4311806623023</y>
		</top>
	</object>
</annotation>
