<annotation>
	<object>
		<height>1.02</height>
		<top>
			<x>341.04964090702487</x>
			<y>483.48617209728474</y>
		</top>
	</object>
	<object>
		<height>1.17</height>
		<top>
			<x>341.759068092989</x>
			<y>336.68343924868043</y>
		</top>
	</object>
	<object>
		<height>1.09</height>
		<top>
			<x>372.9582547912743</x>
			<y>273.4616364488408</y>
		</top>
	</object>
	<object>
		<height>0.97</height>
		<top>
			<x>276.49355998490427</x>
			<y>233.18290637418212</y>
		</top>
	</object>
</annotation>
