<annotation>
	<object>
		<height>1.0</height>
		<top>
			<x>341.28664342213455</x>
			<y>490.5225723537031</y>
		</top>
	</object>
	<object>
		<height>1.18</height>
		<top>
			<x>345.6300114005262</x>
			<y>340.56414603950986</y>
		</top>
	</object>
	<object>
		<height>1.11</height>
		<top>
			<x>377.17703993173564</x>
			<y>276.178857928514</y>
		</top>
	</object>
	<object>
		<height>0.99</height>
		<top>
			<x>272.8391842582758</x>
			<y>231.46679098956045</y>
		</top>
	</object>
</annotation>
