<annotation>
	<object>
		<height>1.01</height>
		<top>
			<x>342.5757307241305</x>
			<y>502.79167791858316</y>
		</top>
	</object>
	<object>
		<height>1.18</height>
		<top>
			<x>356.7340071678587</x>
			<y>354.5672519653047</y>
		</top>
	</object>
	<object>
		<height>1.08</height>
		<top>
			<x>392.72820773378453</x>
			<y>286.43907010733403</y>
		</top>
	</object>
	<object>
		<height>0.99</height>
		<top>
			<x>262.7840264941175</x>
			<y>225.64475587482877</y>
		</top>
	</object>
</annotation>
