<annotation>
	<object>
		<height>1.01</height>
		<top>
			<x>342.7825186856482</x>
			<y>508.41689770864775</y>
		</top>
	</object>
	<object>
		<height>1.17</height>
		<top>
			<x>359.73702854709967</x>
			<y>357.7775487103024</y>
		</top>
	</object>
	<object>
		<height>1.05</height>
		<top>
			<x>397.78866079671155</x>
			<y>290.1849039198021</y>
		</top>
	</object>
	<object>
		<height>0.96</height>
		<top>
			<x>259.44439254283725</x>
			<y>225.07430718300841</y>
		</top>
	</object>
</annotation>
