<annotation>
	<object>
		<height>1.04</height>
		<top>
			<x>343.643282803839</x>
			<y>517.3823185319255</y>
		</top>
	</object>
	<object>
		<height>1.05</height>
		<top>
			<x>409.08212713294034</x>
			<y>296.95981544689755</y>
		</top>
	</object>
	<object>
		<height>1.18</height>
		<top>
			<x>368.28879015736055</x>
			<y>368.61115803412395</y>
		</top>
	</object>
	<object>
		<height>0.98</height>
		<top>
			<x>251.15200711440878</x>
			<y>224.2192056760462</y>
		</top>
	</object>
</annotation>
