<annotation>
	<object>
		<height>1.03</height>
		<top>
			<x>343.4081397149278</x>
			<y>521.2482425689439</y>
		</top>
	</object>
	<object>
		<height>1.08</height>
		<top>
			<x>414.51467428494107</x>
			<y>299.7482628845519</y>
		</top>
	</object>
	<object>
		<height>0.97</height>
		<top>
			<x>250.3426360703506</x>
			<y>223.68037830073067</y>
		</top>
	</object>
	<object>
		<height>1.2</height>
		<top>
			<x>370.0821047170588</x>
			<y>372.4410962072989</y>
		</top>
	</object>
</annotation>
