<annotation>
	<object>
		<height>1.17</height>
		<top>
			<x>402.11599047722535</x>
			<y>441.2271584146882</y>
		</top>
	</object>
	<object>
		<height>1.08</height>
		<top>
			<x>417.98783372734067</x>
			<y>318.1644890528543</y>
		</top>
	</object>
	<object>
		<height>0.97</height>
		<top>
			<x>245.79358743445937</x>
			<y>222.66917429505222</y>
		</top>
	</object>
	<object>
		<height>1.01</height>
		<top>
			<x>316.6441501656551</x>
			<y>211.5582641903089</y>
		</top>
	</object>
</annotation>
