<annotation>
	<object>
		<height>1.09</height>
		<top>
			<x>394.2135271216367</x>
			<y>491.2059979596146</y>
		</top>
	</object>
	<object>
		<height>1.1</height>
		<top>
			<x>382.74043628088225</x>
			<y>278.75561085274757</y>
		</top>
	</object>
	<object>
		<height>1.09</height>
		<top>
			<x>334.7571290554355</x>
			<y>255.66638743043467</y>
		</top>
	</object>
	<object>
		<height>0.99</height>
		<top>
			<x>244.4281128854396</x>
			<y>221.54822178181118</y>
		</top>
	</object>
</annotation>
