<annotation>
	<object>
		<height>1.11</height>
		<top>
			<x>389.8797197582335</x>
			<y>514.3852669235999</y>
		</top>
	</object>
	<object>
		<height>1.08</height>
		<top>
			<x>343.4110899027723</x>
			<y>278.38069189815286</y>
		</top>
	</object>
	<object>
		<height>1.1</height>
		<top>
			<x>364.2487135401369</x>
			<y>255.95339469225388</y>
		</top>
	</object>
	<object>
		<height>1.02</height>
		<top>
			<x>244.05795683347856</x>
			<y>219.74756098915344</y>
		</top>
	</object>
</annotation>
