<annotation>
	<object>
		<height>1.1</height>
		<top>
			<x>389.7748034465907</x>
			<y>536.8808387888582</y>
		</top>
	</object>
	<object>
		<height>1.08</height>
		<top>
			<x>354.45050404344175</x>
			<y>303.4737265829728</y>
		</top>
	</object>
	<object>
		<height>1.0</height>
		<top>
			<x>244.22757557643808</x>
			<y>220.8570207998456</y>
		</top>
	</object>
	<object>
		<height>1.2</height>
		<top>
			<x>218.3399451336651</x>
			<y>257.1914772147828</y>
		</top>
	</object>
	<object>
		<height>1.09</height>
		<top>
			<x>347.57879471186766</x>
			<y>236.63988554912046</y>
		</top>
	</object>
</annotation>
