<annotation>
	<object>
		<height>1.09</height>
		<top>
			<x>362.7031039990139</x>
			<y>328.59189277948445</y>
		</top>
	</object>
	<object>
		<height>1.11</height>
		<top>
			<x>246.00646883389683</x>
			<y>246.69054892097554</y>
		</top>
	</object>
	<object>
		<height>0.97</height>
		<top>
			<x>247.48185915946507</x>
			<y>221.4266754108987</y>
		</top>
	</object>
	<object>
		<height>1.05</height>
		<top>
			<x>331.60606319854935</x>
			<y>216.3477568173101</y>
		</top>
	</object>
	<object>
		<height>1.09</height>
		<top>
			<x>389.7337498887332</x>
			<y>560.3816797035377</y>
		</top>
	</object>
</annotation>
