<annotation>
	<object>
		<height>1.11</height>
		<top>
			<x>376.23214891741395</x>
			<y>353.44129717362785</y>
		</top>
	</object>
	<object>
		<height>1.08</height>
		<top>
			<x>273.5997314480885</x>
			<y>249.8803159962329</y>
		</top>
	</object>
	<object>
		<height>0.91</height>
		<top>
			<x>253.67855438257257</x>
			<y>231.33223840014597</y>
		</top>
	</object>
	<object>
		<height>1.05</height>
		<top>
			<x>386.0079602043339</x>
			<y>571.0274565597914</y>
		</top>
	</object>
	<object>
		<height>0.96</height>
		<top>
			<x>313.7426385236546</x>
			<y>536.3962695698385</y>
		</top>
	</object>
	<object>
		<height>1.15</height>
		<top>
			<x>310.3101055996549</x>
			<y>191.55414548928258</y>
		</top>
	</object>
</annotation>
