<annotation>
	<object>
		<height>0.99</height>
		<top>
			<x>267.1546380418992</x>
			<y>251.33092188634774</y>
		</top>
	</object>
	<object>
		<height>1.08</height>
		<top>
			<x>302.4834765886024</x>
			<y>249.3755694297252</y>
		</top>
	</object>
	<object>
		<height>1.09</height>
		<top>
			<x>331.5453923416416</x>
			<y>525.0790299735547</y>
		</top>
	</object>
	<object>
		<height>1.05</height>
		<top>
			<x>387.53383266625514</x>
			<y>579.4972328483905</y>
		</top>
	</object>
	<object>
		<height>1.11</height>
		<top>
			<x>386.08820412947546</x>
			<y>377.31458958441084</y>
		</top>
	</object>
</annotation>
