<annotation>
	<object>
		<height>1.01</height>
		<top>
			<x>270.5046608912273</x>
			<y>256.8977421511444</y>
		</top>
	</object>
	<object>
		<height>1.05</height>
		<top>
			<x>312.09940540321213</x>
			<y>250.07727782226596</y>
		</top>
	</object>
	<object>
		<height>1.12</height>
		<top>
			<x>388.09949677091225</x>
			<y>384.6243470407151</y>
		</top>
	</object>
	<object>
		<height>1.01</height>
		<top>
			<x>335.81305948686884</x>
			<y>521.4301490785947</y>
		</top>
	</object>
</annotation>
