<annotation>
	<object>
		<height>1.03</height>
		<top>
			<x>342.46911789184514</x>
			<y>517.3269820458302</y>
		</top>
	</object>
	<object>
		<height>1.01</height>
		<top>
			<x>276.8335949850417</x>
			<y>267.6938911930226</y>
		</top>
	</object>
	<object>
		<height>1.06</height>
		<top>
			<x>325.5773832607739</x>
			<y>250.2032397735463</y>
		</top>
	</object>
	<object>
		<height>1.12</height>
		<top>
			<x>390.53044640401663</x>
			<y>395.3773881655966</y>
		</top>
	</object>
</annotation>
