<annotation>
	<object>
		<height>1.02</height>
		<top>
			<x>349.06230283904705</x>
			<y>512.8919589955988</y>
		</top>
	</object>
	<object>
		<height>0.99</height>
		<top>
			<x>283.4398916706418</x>
			<y>275.67005841089895</y>
		</top>
	</object>
	<object>
		<height>1.07</height>
		<top>
			<x>333.715761179565</x>
			<y>251.23314978658843</y>
		</top>
	</object>
	<object>
		<height>1.12</height>
		<top>
			<x>391.42936779275834</x>
			<y>401.0372322784642</y>
		</top>
	</object>
	<object>
		<height>1.05</height>
		<top>
			<x>381.1888084882969</x>
			<y>572.5827117177957</y>
		</top>
	</object>
</annotation>
