<annotation>
	<object>
		<height>1.03</height>
		<top>
			<x>351.08953535347564</x>
			<y>509.8006261141471</y>
		</top>
	</object>
	<object>
		<height>1.11</height>
		<top>
			<x>391.5856500565552</x>
			<y>405.4468358009398</y>
		</top>
	</object>
	<object>
		<height>1.0</height>
		<top>
			<x>283.52883649729006</x>
			<y>279.4720034154717</y>
		</top>
	</object>
	<object>
		<height>1.07</height>
		<top>
			<x>338.66586273433563</x>
			<y>250.1460415671019</y>
		</top>
	</object>
</annotation>
