<annotation>
	<object>
		<height>1.03</height>
		<top>
			<x>360.1826493586108</x>
			<y>502.58845206197765</y>
		</top>
	</object>
	<object>
		<height>1.12</height>
		<top>
			<x>391.4637452350051</x>
			<y>416.48237483697983</y>
		</top>
	</object>
	<object>
		<height>0.98</height>
		<top>
			<x>290.5806769643614</x>
			<y>291.2227873355609</y>
		</top>
	</object>
	<object>
		<height>1.11</height>
		<top>
			<x>351.54999088992366</x>
			<y>254.3266910537866</y>
		</top>
	</object>
</annotation>
