<annotation>
	<object>
		<height>1.01</height>
		<top>
			<x>364.9807849198164</x>
			<y>503.67878482857924</y>
		</top>
	</object>
	<object>
		<height>1.12</height>
		<top>
			<x>391.6404164738941</x>
			<y>423.3075782315341</y>
		</top>
	</object>
	<object>
		<height>0.96</height>
		<top>
			<x>296.674893648087</x>
			<y>299.12212613262034</y>
		</top>
	</object>
	<object>
		<height>1.07</height>
		<top>
			<x>358.47265145236696</x>
			<y>257.2796974854116</y>
		</top>
	</object>
	<object>
		<height>1.04</height>
		<top>
			<x>372.93061111111876</x>
			<y>556.6789064597709</y>
		</top>
	</object>
</annotation>
