<annotation>
	<object>
		<height>1.02</height>
		<top>
			<x>379.04505127958873</x>
			<y>494.96051725295433</y>
		</top>
	</object>
	<object>
		<height>1.12</height>
		<top>
			<x>386.31757798982255</x>
			<y>438.6579932567587</y>
		</top>
	</object>
	<object>
		<height>1.0</height>
		<top>
			<x>310.49948602135703</x>
			<y>314.09986889541113</y>
		</top>
	</object>
	<object>
		<height>1.1</height>
		<top>
			<x>374.85336902638727</x>
			<y>265.5859227654442</y>
		</top>
	</object>
</annotation>
