<annotation>
	<object>
		<height>1.11</height>
		<top>
			<x>368.3381630721897</x>
			<y>534.4494134259506</y>
		</top>
	</object>
	<object>
		<height>1.02</height>
		<top>
			<x>383.94748610192835</x>
			<y>489.864283271092</y>
		</top>
	</object>
	<object>
		<height>1.11</height>
		<top>
			<x>384.19790844900893</x>
			<y>443.0361845854181</y>
		</top>
	</object>
	<object>
		<height>1.01</height>
		<top>
			<x>317.0796980320258</x>
			<y>318.7708830106471</y>
		</top>
	</object>
	<object>
		<height>1.11</height>
		<top>
			<x>380.19625076271024</x>
			<y>270.20618528563904</y>
		</top>
	</object>
</annotation>
