<annotation>
	<object>
		<height>0.99</height>
		<top>
			<x>386.5211287461672</x>
			<y>486.68456913117296</y>
		</top>
	</object>
	<object>
		<height>1.08</height>
		<top>
			<x>381.8527090232991</x>
			<y>446.52026395187437</y>
		</top>
	</object>
	<object>
		<height>1.01</height>
		<top>
			<x>319.7800798673782</x>
			<y>322.4976400117036</y>
		</top>
	</object>
	<object>
		<height>1.08</height>
		<top>
			<x>385.7077088440808</x>
			<y>274.0210192658586</y>
		</top>
	</object>
</annotation>
