<annotation>
	<object>
		<height>1.13</height>
		<top>
			<x>370.07308087538337</x>
			<y>522.1926409048988</y>
		</top>
	</object>
	<object>
		<height>0.98</height>
		<top>
			<x>395.2112955092043</x>
			<y>482.23084010199705</y>
		</top>
	</object>
	<object>
		<height>1.08</height>
		<top>
			<x>378.99850264760147</x>
			<y>454.84298027886086</y>
		</top>
	</object>
	<object>
		<height>1.01</height>
		<top>
			<x>333.0901422682166</x>
			<y>329.8029451530251</y>
		</top>
	</object>
	<object>
		<height>1.08</height>
		<top>
			<x>398.0861771791969</x>
			<y>283.8686430119878</y>
		</top>
	</object>
</annotation>
