<annotation>
	<object>
		<height>1.08</height>
		<top>
			<x>378.67878422710675</x>
			<y>457.77902058736487</y>
		</top>
	</object>
	<object>
		<height>1.09</height>
		<top>
			<x>370.95978995208094</x>
			<y>514.2806080691571</y>
		</top>
	</object>
	<object>
		<height>0.97</height>
		<top>
			<x>398.62299616834014</x>
			<y>474.03781209322665</y>
		</top>
	</object>
	<object>
		<height>1.0</height>
		<top>
			<x>340.67460724540274</x>
			<y>333.5940389566936</y>
		</top>
	</object>
	<object>
		<height>1.1</height>
		<top>
			<x>401.4941581607357</x>
			<y>288.1037121941414</y>
		</top>
	</object>
	<object>
		<height>1.06</height>
		<top>
			<x>253.42587337790715</x>
			<y>212.08032527957752</y>
		</top>
	</object>
</annotation>
