<annotation>
	<object>
		<height>1.12</height>
		<top>
			<x>369.883892239546</x>
			<y>510.26040054406644</y>
		</top>
	</object>
	<object>
		<height>1.07</height>
		<top>
			<x>380.4754941191288</x>
			<y>466.87011808155074</y>
		</top>
	</object>
	<object>
		<height>1.02</height>
		<top>
			<x>400.51509067968715</x>
			<y>467.23321999666854</y>
		</top>
	</object>
	<object>
		<height>0.99</height>
		<top>
			<x>344.015675464825</x>
			<y>335.6924709358523</y>
		</top>
	</object>
	<object>
		<height>1.06</height>
		<top>
			<x>405.67983291941977</x>
			<y>294.82982842014536</y>
		</top>
	</object>
</annotation>
