<annotation>
	<object>
		<height>1.02</height>
		<top>
			<x>406.05342090370584</x>
			<y>456.6324425093917</y>
		</top>
	</object>
	<object>
		<height>1.1</height>
		<top>
			<x>366.76312581278</x>
			<y>495.48534637350883</y>
		</top>
	</object>
	<object>
		<height>1.06</height>
		<top>
			<x>379.70225190374623</x>
			<y>478.4194062660117</y>
		</top>
	</object>
	<object>
		<height>1.0</height>
		<top>
			<x>357.48236869215896</x>
			<y>340.78116505745993</y>
		</top>
	</object>
	<object>
		<height>1.08</height>
		<top>
			<x>412.601490385584</x>
			<y>305.8929426877153</y>
		</top>
	</object>
	<object>
		<height>1.1</height>
		<top>
			<x>259.5804352968342</x>
			<y>239.27148973232602</y>
		</top>
	</object>
</annotation>
