<annotation>
	<object>
		<height>1.03</height>
		<top>
			<x>408.4535563035079</x>
			<y>451.46276615676686</y>
		</top>
	</object>
	<object>
		<height>1.01</height>
		<top>
			<x>365.58871411270553</x>
			<y>343.91596660580404</y>
		</top>
	</object>
	<object>
		<height>1.08</height>
		<top>
			<x>263.8282035459121</x>
			<y>248.3040190333113</y>
		</top>
	</object>
	<object>
		<height>1.03</height>
		<top>
			<x>380.3202632472667</x>
			<y>483.00194606963595</y>
		</top>
	</object>
	<object>
		<height>1.11</height>
		<top>
			<x>365.3519843369343</x>
			<y>489.03978540810147</y>
		</top>
	</object>
	<object>
		<height>1.09</height>
		<top>
			<x>415.199886811024</x>
			<y>309.47265168444045</y>
		</top>
	</object>
</annotation>
