<annotation>
	<object>
		<height>1.01</height>
		<top>
			<x>410.8920629191681</x>
			<y>447.21267652992856</y>
		</top>
	</object>
	<object>
		<height>1.02</height>
		<top>
			<x>380.484834894921</x>
			<y>488.6700343303998</y>
		</top>
	</object>
	<object>
		<height>1.12</height>
		<top>
			<x>364.94813466092313</x>
			<y>480.91387746221903</y>
		</top>
	</object>
	<object>
		<height>1.02</height>
		<top>
			<x>368.9922889141881</x>
			<y>345.1358560236968</y>
		</top>
	</object>
	<object>
		<height>1.09</height>
		<top>
			<x>417.9211286570071</x>
			<y>317.51741502217146</y>
		</top>
	</object>
	<object>
		<height>1.08</height>
		<top>
			<x>264.85503504573035</x>
			<y>256.8989346267287</y>
		</top>
	</object>
</annotation>
