<annotation>
	<object>
		<height>1.01</height>
		<top>
			<x>413.61292795699626</x>
			<y>441.4392168650657</y>
		</top>
	</object>
	<object>
		<height>1.05</height>
		<top>
			<x>267.3034814120923</x>
			<y>266.7781100474696</y>
		</top>
	</object>
	<object>
		<height>1.01</height>
		<top>
			<x>375.78653332358755</x>
			<y>346.8822529755197</y>
		</top>
	</object>
	<object>
		<height>1.07</height>
		<top>
			<x>420.80878446901244</x>
			<y>322.41820447244237</y>
		</top>
	</object>
	<object>
		<height>1.12</height>
		<top>
			<x>364.27513848797435</x>
			<y>477.8026950272551</y>
		</top>
	</object>
	<object>
		<height>1.02</height>
		<top>
			<x>380.34487670361847</x>
			<y>493.8311539581399</y>
		</top>
	</object>
</annotation>
