<annotation>
	<object>
		<height>0.99</height>
		<top>
			<x>376.97704150764866</x>
			<y>501.30863144817386</y>
		</top>
	</object>
	<object>
		<height>1.09</height>
		<top>
			<x>364.63574297687387</x>
			<y>469.83030690029153</y>
		</top>
	</object>
	<object>
		<height>1.0</height>
		<top>
			<x>416.16646586740586</x>
			<y>437.3162866407635</y>
		</top>
	</object>
	<object>
		<height>1.0</height>
		<top>
			<x>380.82772630975325</x>
			<y>348.19816651811647</y>
		</top>
	</object>
	<object>
		<height>1.06</height>
		<top>
			<x>267.3330828967157</x>
			<y>275.36640117807315</y>
		</top>
	</object>
	<object>
		<height>1.1</height>
		<top>
			<x>422.82600317935345</x>
			<y>329.0939805607822</y>
		</top>
	</object>
</annotation>
