<annotation>
	<object>
		<height>1.03</height>
		<top>
			<x>375.09908329646214</x>
			<y>504.8079675235142</y>
		</top>
	</object>
	<object>
		<height>1.11</height>
		<top>
			<x>364.25860339383655</x>
			<y>464.8324523137164</y>
		</top>
	</object>
	<object>
		<height>1.0</height>
		<top>
			<x>421.0867781068462</x>
			<y>435.38393535347814</y>
		</top>
	</object>
	<object>
		<height>1.09</height>
		<top>
			<x>268.31352316278185</x>
			<y>284.3666669887011</y>
		</top>
	</object>
	<object>
		<height>1.0</height>
		<top>
			<x>385.2661933700089</x>
			<y>348.52067423222144</y>
		</top>
	</object>
	<object>
		<height>1.07</height>
		<top>
			<x>423.04451526897856</x>
			<y>336.59005578953213</y>
		</top>
	</object>
</annotation>
