<annotation>
	<object>
		<height>1.04</height>
		<top>
			<x>373.06225521177174</x>
			<y>509.5618757252268</y>
		</top>
	</object>
	<object>
		<height>1.12</height>
		<top>
			<x>364.63587565957755</x>
			<y>454.61943576144324</y>
		</top>
	</object>
	<object>
		<height>1.02</height>
		<top>
			<x>424.25663758795775</x>
			<y>429.534674837919</y>
		</top>
	</object>
	<object>
		<height>1.01</height>
		<top>
			<x>392.64902252335344</x>
			<y>349.7155088646904</y>
		</top>
	</object>
	<object>
		<height>1.08</height>
		<top>
			<x>423.89276935352046</x>
			<y>342.31581582698783</y>
		</top>
	</object>
	<object>
		<height>1.07</height>
		<top>
			<x>271.3091672582914</x>
			<y>294.87067616355375</y>
		</top>
	</object>
</annotation>
