<annotation>
	<object>
		<height>1.01</height>
		<top>
			<x>434.3802880465576</x>
			<y>420.7004940309792</y>
		</top>
	</object>
	<object>
		<height>1.14</height>
		<top>
			<x>363.9455358072274</x>
			<y>441.7975662492956</y>
		</top>
	</object>
	<object>
		<height>1.01</height>
		<top>
			<x>404.09781527050853</x>
			<y>349.9918363568612</y>
		</top>
	</object>
	<object>
		<height>1.06</height>
		<top>
			<x>422.63424323483906</x>
			<y>355.4249743722546</y>
		</top>
	</object>
	<object>
		<height>1.08</height>
		<top>
			<x>276.20097572843383</x>
			<y>313.83752857260544</y>
		</top>
	</object>
	<object>
		<height>1.04</height>
		<top>
			<x>364.48091783771173</x>
			<y>516.9016696082372</y>
		</top>
	</object>
</annotation>
