<annotation>
	<object>
		<height>1.04</height>
		<top>
			<x>359.4105462914372</x>
			<y>516.8934534391753</y>
		</top>
	</object>
	<object>
		<height>1.18</height>
		<top>
			<x>366.911952759731</x>
			<y>438.229014777849</y>
		</top>
	</object>
	<object>
		<height>1.03</height>
		<top>
			<x>437.82652232043796</x>
			<y>416.66944729350087</y>
		</top>
	</object>
	<object>
		<height>1.06</height>
		<top>
			<x>278.1354950269418</x>
			<y>324.16795203367644</y>
		</top>
	</object>
	<object>
		<height>1.01</height>
		<top>
			<x>410.43928137646355</x>
			<y>347.9639430501676</y>
		</top>
	</object>
	<object>
		<height>1.08</height>
		<top>
			<x>421.7387564425085</x>
			<y>363.0332395790317</y>
		</top>
	</object>
</annotation>
