<annotation>
	<object>
		<height>1.07</height>
		<top>
			<x>355.02385951519517</x>
			<y>517.7863349779828</y>
		</top>
	</object>
	<object>
		<height>1.21</height>
		<top>
			<x>363.6181797901837</x>
			<y>429.66314966622963</y>
		</top>
	</object>
	<object>
		<height>1.09</height>
		<top>
			<x>280.25226888285795</x>
			<y>333.40873179288997</y>
		</top>
	</object>
	<object>
		<height>1.01</height>
		<top>
			<x>415.54628211296347</x>
			<y>346.15785064837706</y>
		</top>
	</object>
	<object>
		<height>1.05</height>
		<top>
			<x>421.68529526023354</x>
			<y>370.65688695401946</y>
		</top>
	</object>
	<object>
		<height>1.0</height>
		<top>
			<x>441.21691240428424</x>
			<y>411.4222387329183</y>
		</top>
	</object>
</annotation>
