<annotation>
	<object>
		<height>1.03</height>
		<top>
			<x>349.488413014773</x>
			<y>513.1288782576805</y>
		</top>
	</object>
	<object>
		<height>1.24</height>
		<top>
			<x>364.18083823037506</x>
			<y>417.2086331694497</y>
		</top>
	</object>
	<object>
		<height>1.06</height>
		<top>
			<x>284.74955001436643</x>
			<y>353.44198824612454</y>
		</top>
	</object>
	<object>
		<height>1.03</height>
		<top>
			<x>425.64278913216884</x>
			<y>343.397000112287</y>
		</top>
	</object>
	<object>
		<height>1.08</height>
		<top>
			<x>419.4759336220224</x>
			<y>383.26030857087204</y>
		</top>
	</object>
	<object>
		<height>1.04</height>
		<top>
			<x>450.446333492927</x>
			<y>406.8773667523875</y>
		</top>
	</object>
</annotation>
