<annotation>
	<object>
		<height>1.08</height>
		<top>
			<x>345.90342105274163</x>
			<y>506.5113425697494</y>
		</top>
	</object>
	<object>
		<height>1.11</height>
		<top>
			<x>287.5953304025223</x>
			<y>363.1494201642693</y>
		</top>
	</object>
	<object>
		<height>1.07</height>
		<top>
			<x>417.5556028948629</x>
			<y>388.91753775287486</y>
		</top>
	</object>
	<object>
		<height>1.02</height>
		<top>
			<x>456.26988760040734</x>
			<y>405.080759901289</y>
		</top>
	</object>
	<object>
		<height>1.24</height>
		<top>
			<x>361.6105636958547</x>
			<y>411.67897009388554</y>
		</top>
	</object>
	<object>
		<height>1.03</height>
		<top>
			<x>428.7336859675104</x>
			<y>343.02062798770874</y>
		</top>
	</object>
	<object>
		<height>1.06</height>
		<top>
			<x>342.73824641481224</x>
			<y>218.81295669712958</y>
		</top>
	</object>
</annotation>
