<annotation>
	<object>
		<height>1.06</height>
		<top>
			<x>344.99992664084465</x>
			<y>502.6872433116979</y>
		</top>
	</object>
	<object>
		<height>1.23</height>
		<top>
			<x>360.2711830212225</x>
			<y>406.08643965382174</y>
		</top>
	</object>
	<object>
		<height>1.06</height>
		<top>
			<x>291.1302834859505</x>
			<y>372.44425787703705</y>
		</top>
	</object>
	<object>
		<height>1.01</height>
		<top>
			<x>426.73847832347985</x>
			<y>342.7989680630704</y>
		</top>
	</object>
	<object>
		<height>1.02</height>
		<top>
			<x>462.8047254977981</x>
			<y>403.301899272773</y>
		</top>
	</object>
	<object>
		<height>1.08</height>
		<top>
			<x>418.1084461668713</x>
			<y>394.72172008013627</y>
		</top>
	</object>
</annotation>
