<annotation>
	<object>
		<height>1.05</height>
		<top>
			<x>343.9675686933629</x>
			<y>490.89760040304867</y>
		</top>
	</object>
	<object>
		<height>1.19</height>
		<top>
			<x>357.1691510740733</x>
			<y>394.84212180773744</y>
		</top>
	</object>
	<object>
		<height>1.01</height>
		<top>
			<x>417.55058338928484</x>
			<y>342.3979112094062</y>
		</top>
	</object>
	<object>
		<height>1.02</height>
		<top>
			<x>472.8865946571927</x>
			<y>398.3193098297559</y>
		</top>
	</object>
	<object>
		<height>1.12</height>
		<top>
			<x>413.6478878977129</x>
			<y>402.41764532963487</y>
		</top>
	</object>
	<object>
		<height>1.07</height>
		<top>
			<x>293.9737298165204</x>
			<y>390.94409110029375</y>
		</top>
	</object>
	<object>
		<height>1.04</height>
		<top>
			<x>343.2851364039514</x>
			<y>235.379936657702</y>
		</top>
	</object>
</annotation>
