<annotation>
	<object>
		<height>1.03</height>
		<top>
			<x>344.3518478366812</x>
			<y>487.9809592825766</y>
		</top>
	</object>
	<object>
		<height>1.05</height>
		<top>
			<x>298.26819705804735</x>
			<y>399.0400324975046</y>
		</top>
	</object>
	<object>
		<height>1.19</height>
		<top>
			<x>356.17767156995126</x>
			<y>386.38728880862936</y>
		</top>
	</object>
	<object>
		<height>1.03</height>
		<top>
			<x>476.00835173018123</x>
			<y>395.69233859698716</y>
		</top>
	</object>
	<object>
		<height>1.07</height>
		<top>
			<x>344.4657965407507</x>
			<y>240.179637005836</y>
		</top>
	</object>
	<object>
		<height>0.99</height>
		<top>
			<x>413.53398596999585</x>
			<y>341.65517930066756</y>
		</top>
	</object>
	<object>
		<height>1.11</height>
		<top>
			<x>411.43160028236895</x>
			<y>408.0950590994147</y>
		</top>
	</object>
</annotation>
