<annotation>
	<object>
		<height>1.01</height>
		<top>
			<x>299.5073260071058</x>
			<y>409.62740798475636</y>
		</top>
	</object>
	<object>
		<height>1.04</height>
		<top>
			<x>344.37039134107914</x>
			<y>479.3298490863249</y>
		</top>
	</object>
	<object>
		<height>1.15</height>
		<top>
			<x>353.72212074340575</x>
			<y>380.7752235742166</y>
		</top>
	</object>
	<object>
		<height>0.99</height>
		<top>
			<x>407.26563120583876</x>
			<y>340.68854371924937</y>
		</top>
	</object>
	<object>
		<height>1.09</height>
		<top>
			<x>344.47243990793936</x>
			<y>244.98477679971205</y>
		</top>
	</object>
	<object>
		<height>1.08</height>
		<top>
			<x>409.66171072973424</x>
			<y>410.8060787119183</y>
		</top>
	</object>
</annotation>
