<annotation>
	<object>
		<height>1.02</height>
		<top>
			<x>302.5737848368868</x>
			<y>429.33962932176706</y>
		</top>
	</object>
	<object>
		<height>1.13</height>
		<top>
			<x>400.68199177347844</x>
			<y>420.13171216707644</y>
		</top>
	</object>
	<object>
		<height>1.1</height>
		<top>
			<x>345.5951359352668</x>
			<y>256.7804806179241</y>
		</top>
	</object>
	<object>
		<height>1.02</height>
		<top>
			<x>393.18234256601824</x>
			<y>340.4037532422828</y>
		</top>
	</object>
	<object>
		<height>1.04</height>
		<top>
			<x>340.9712873331238</x>
			<y>469.88717023176906</y>
		</top>
	</object>
	<object>
		<height>1.15</height>
		<top>
			<x>350.9334684162066</x>
			<y>370.6811114994558</y>
		</top>
	</object>
</annotation>
