<annotation>
	<object>
		<height>1.1</height>
		<top>
			<x>345.52358842455504</x>
			<y>261.31270850891576</y>
		</top>
	</object>
	<object>
		<height>1.02</height>
		<top>
			<x>303.85186130139937</x>
			<y>437.3660378752022</y>
		</top>
	</object>
	<object>
		<height>1.18</height>
		<top>
			<x>349.4717419701123</x>
			<y>363.8402034825595</y>
		</top>
	</object>
	<object>
		<height>1.0</height>
		<top>
			<x>387.68286546701324</x>
			<y>340.20059083459563</y>
		</top>
	</object>
	<object>
		<height>1.01</height>
		<top>
			<x>494.66839065062555</x>
			<y>386.5967343183317</y>
		</top>
	</object>
	<object>
		<height>1.08</height>
		<top>
			<x>396.2891903151028</x>
			<y>421.3654830372216</y>
		</top>
	</object>
	<object>
		<height>1.06</height>
		<top>
			<x>340.05323035089276</x>
			<y>461.4193677315388</y>
		</top>
	</object>
</annotation>
