<annotation>
	<object>
		<height>1.04</height>
		<top>
			<x>337.4039004796118</x>
			<y>455.0372829372405</y>
		</top>
	</object>
	<object>
		<height>0.98</height>
		<top>
			<x>307.1907526470782</x>
			<y>448.96672083089976</y>
		</top>
	</object>
	<object>
		<height>1.1</height>
		<top>
			<x>389.80081770325205</x>
			<y>425.2802765087226</y>
		</top>
	</object>
	<object>
		<height>1.01</height>
		<top>
			<x>383.013939746113</x>
			<y>340.7307560986602</y>
		</top>
	</object>
	<object>
		<height>1.16</height>
		<top>
			<x>344.88836404504633</x>
			<y>357.1892760796299</y>
		</top>
	</object>
	<object>
		<height>1.1</height>
		<top>
			<x>345.10560868968236</x>
			<y>266.60328009251424</y>
		</top>
	</object>
</annotation>
