<annotation>
	<object>
		<height>1.0</height>
		<top>
			<x>309.6712953957074</x>
			<y>461.7990806654833</y>
		</top>
	</object>
	<object>
		<height>1.09</height>
		<top>
			<x>333.57910579084347</x>
			<y>445.34447012942763</y>
		</top>
	</object>
	<object>
		<height>1.09</height>
		<top>
			<x>379.2903144820311</x>
			<y>430.3633335096105</y>
		</top>
	</object>
	<object>
		<height>1.17</height>
		<top>
			<x>339.639676401943</x>
			<y>345.0906484141353</y>
		</top>
	</object>
	<object>
		<height>1.02</height>
		<top>
			<x>371.33615220482704</x>
			<y>339.9904625867043</y>
		</top>
	</object>
	<object>
		<height>1.09</height>
		<top>
			<x>347.08531990245456</x>
			<y>275.94806700523384</y>
		</top>
	</object>
</annotation>
