<annotation>
	<object>
		<height>0.99</height>
		<top>
			<x>310.03308684336344</x>
			<y>473.6092190321659</y>
		</top>
	</object>
	<object>
		<height>1.05</height>
		<top>
			<x>332.5641528713809</x>
			<y>440.1764322358882</y>
		</top>
	</object>
	<object>
		<height>1.06</height>
		<top>
			<x>373.33197805594494</x>
			<y>431.23455660918796</y>
		</top>
	</object>
	<object>
		<height>1.14</height>
		<top>
			<x>336.55292166702196</x>
			<y>338.71623332543686</y>
		</top>
	</object>
	<object>
		<height>1.1</height>
		<top>
			<x>347.0572009517248</x>
			<y>282.9969027553328</y>
		</top>
	</object>
	<object>
		<height>1.03</height>
		<top>
			<x>366.7979699661036</x>
			<y>338.10302721273376</y>
		</top>
	</object>
</annotation>
