<annotation>
	<object>
		<height>1.01</height>
		<top>
			<x>309.09495445577113</x>
			<y>483.5449577084342</y>
		</top>
	</object>
	<object>
		<height>1.1</height>
		<top>
			<x>331.18843461155393</x>
			<y>433.9640877157639</y>
		</top>
	</object>
	<object>
		<height>1.08</height>
		<top>
			<x>369.9673339302744</x>
			<y>433.85978750881765</y>
		</top>
	</object>
	<object>
		<height>1.17</height>
		<top>
			<x>335.08034225700493</x>
			<y>332.12173687197355</y>
		</top>
	</object>
	<object>
		<height>1.01</height>
		<top>
			<x>365.4405301788468</x>
			<y>334.8754161687738</y>
		</top>
	</object>
	<object>
		<height>1.1</height>
		<top>
			<x>347.16601139633826</x>
			<y>286.6949787420937</y>
		</top>
	</object>
</annotation>
