<annotation>
	<object>
		<height>1.02</height>
		<top>
			<x>312.45532286000605</x>
			<y>503.21149061735645</y>
		</top>
	</object>
	<object>
		<height>1.07</height>
		<top>
			<x>329.2427323625583</x>
			<y>423.97096862217296</y>
		</top>
	</object>
	<object>
		<height>1.08</height>
		<top>
			<x>357.434817233348</x>
			<y>431.70898316887406</y>
		</top>
	</object>
	<object>
		<height>1.17</height>
		<top>
			<x>328.2908706842707</x>
			<y>319.5893266643452</y>
		</top>
	</object>
	<object>
		<height>1.01</height>
		<top>
			<x>364.9162274667169</x>
			<y>323.6187087621167</y>
		</top>
	</object>
	<object>
		<height>1.06</height>
		<top>
			<x>349.0191508120065</x>
			<y>296.7495042813061</y>
		</top>
	</object>
</annotation>
