<annotation>
	<object>
		<height>1.02</height>
		<top>
			<x>314.3759985664552</x>
			<y>514.6205192760025</y>
		</top>
	</object>
	<object>
		<height>1.05</height>
		<top>
			<x>327.3155113833829</x>
			<y>416.69129251009207</y>
		</top>
	</object>
	<object>
		<height>1.14</height>
		<top>
			<x>326.3694725558822</x>
			<y>313.4351607241664</y>
		</top>
	</object>
	<object>
		<height>1.03</height>
		<top>
			<x>366.56638402965666</x>
			<y>317.95976211862495</y>
		</top>
	</object>
	<object>
		<height>1.05</height>
		<top>
			<x>349.392025689161</x>
			<y>303.28217082840683</y>
		</top>
	</object>
	<object>
		<height>1.08</height>
		<top>
			<x>350.09313311608867</x>
			<y>432.2995531802917</y>
		</top>
	</object>
</annotation>
