<annotation>
	<object>
		<height>1.16</height>
		<top>
			<x>324.1897751525001</x>
			<y>307.5755357063628</y>
		</top>
	</object>
	<object>
		<height>1.07</height>
		<top>
			<x>349.3883590020287</x>
			<y>307.66086626036775</y>
		</top>
	</object>
	<object>
		<height>1.01</height>
		<top>
			<x>368.6256186621496</x>
			<y>311.80213078222187</y>
		</top>
	</object>
	<object>
		<height>1.13</height>
		<top>
			<x>325.75968017817775</x>
			<y>411.8148627281025</y>
		</top>
	</object>
	<object>
		<height>1.06</height>
		<top>
			<x>345.22263410151555</x>
			<y>430.77445822216464</y>
		</top>
	</object>
</annotation>
