<annotation>
	<object>
		<height>1.09</height>
		<top>
			<x>322.4267244104191</x>
			<y>404.7841799182871</y>
		</top>
	</object>
	<object>
		<height>1.06</height>
		<top>
			<x>339.45987934143056</x>
			<y>427.14411799990114</y>
		</top>
	</object>
	<object>
		<height>1.01</height>
		<top>
			<x>371.4900579391785</x>
			<y>309.3317235838727</y>
		</top>
	</object>
	<object>
		<height>1.13</height>
		<top>
			<x>321.9046147864446</x>
			<y>300.3657028610154</y>
		</top>
	</object>
	<object>
		<height>1.05</height>
		<top>
			<x>350.0497915332281</x>
			<y>314.79541255002135</y>
		</top>
	</object>
	<object>
		<height>1.11</height>
		<top>
			<x>225.04980545224822</x>
			<y>432.1130217777173</y>
		</top>
	</object>
</annotation>
