<annotation>
	<object>
		<height>1.06</height>
		<top>
			<x>336.58196053599113</x>
			<y>425.3387699152286</y>
		</top>
	</object>
	<object>
		<height>1.09</height>
		<top>
			<x>322.0395342700308</x>
			<y>401.3459224657595</y>
		</top>
	</object>
	<object>
		<height>1.15</height>
		<top>
			<x>322.10744081306797</x>
			<y>296.59235635459925</y>
		</top>
	</object>
	<object>
		<height>1.07</height>
		<top>
			<x>349.7140830619186</x>
			<y>321.08889173187737</y>
		</top>
	</object>
	<object>
		<height>1.03</height>
		<top>
			<x>373.66206970550576</x>
			<y>302.98928116657123</y>
		</top>
	</object>
	<object>
		<height>1.09</height>
		<top>
			<x>228.99700450337653</x>
			<y>434.06639666472296</y>
		</top>
	</object>
</annotation>
