<annotation>
	<object>
		<height>1.05</height>
		<top>
			<x>331.31066792172356</x>
			<y>422.51523562212884</y>
		</top>
	</object>
	<object>
		<height>1.08</height>
		<top>
			<x>319.67950605986937</x>
			<y>393.8213176406752</y>
		</top>
	</object>
	<object>
		<height>1.03</height>
		<top>
			<x>352.1952255982651</x>
			<y>327.1217066679202</y>
		</top>
	</object>
	<object>
		<height>1.16</height>
		<top>
			<x>320.4773649738018</x>
			<y>290.3367107601765</y>
		</top>
	</object>
	<object>
		<height>1.0</height>
		<top>
			<x>375.9975936865253</x>
			<y>301.1714068897893</y>
		</top>
	</object>
	<object>
		<height>1.06</height>
		<top>
			<x>235.50883612051743</x>
			<y>433.2490326639899</y>
		</top>
	</object>
</annotation>
