<annotation>
	<object>
		<height>1.06</height>
		<top>
			<x>328.21638621065455</x>
			<y>420.10337362565224</y>
		</top>
	</object>
	<object>
		<height>1.1</height>
		<top>
			<x>317.95859075960897</x>
			<y>388.34219004230124</y>
		</top>
	</object>
	<object>
		<height>1.07</height>
		<top>
			<x>351.4572345291122</x>
			<y>333.2145632142892</y>
		</top>
	</object>
	<object>
		<height>1.02</height>
		<top>
			<x>379.8574413289305</x>
			<y>300.32753187143976</y>
		</top>
	</object>
	<object>
		<height>1.16</height>
		<top>
			<x>320.08510194133515</x>
			<y>285.7288335374679</y>
		</top>
	</object>
	<object>
		<height>1.1</height>
		<top>
			<x>239.37703941695773</x>
			<y>438.4175230256546</y>
		</top>
	</object>
</annotation>
