<annotation verified="yes">
	<object>
		<height>1.04</height>
		<top>
			<x>317.0978971479579</x>
			<y>413.9196138491133</y>
		</top>
	</object>
	<object>
		<height>1.08</height>
		<top>
			<x>315.1150854185428</x>
			<y>379.1736683071364</y>
		</top>
	</object>
	<object>
		<height>1.08</height>
		<top>
			<x>350.1222440355966</x>
			<y>345.5135472800353</y>
		</top>
	</object>
	<object>
		<height>1.0</height>
		<top>
			<x>385.4200071163506</x>
			<y>307.7475774103352</y>
		</top>
	</object>
	<object>
		<height>1.18</height>
		<top>
			<x>319.6311755394271</x>
			<y>274.00889234446316</y>
		</top>
	</object>
	<object>
		<height>1.09</height>
		<top>
			<x>250.30013564985504</x>
			<y>442.7618153093933</y>
		</top>
	</object>
</annotation>
