<annotation>
	<object>
		<height>1.07</height>
		<top>
			<x>257.095994439776</x>
			<y>444.1845989800493</y>
		</top>
	</object>
	<object>
		<height>1.0</height>
		<top>
			<x>312.19827588814195</x>
			<y>411.29450756009066</y>
		</top>
	</object>
	<object>
		<height>1.1</height>
		<top>
			<x>311.9437977343184</x>
			<y>372.0965446409626</y>
		</top>
	</object>
	<object>
		<height>1.07</height>
		<top>
			<x>351.77046229605753</x>
			<y>353.8713188924312</y>
		</top>
	</object>
	<object>
		<height>0.99</height>
		<top>
			<x>387.76764914508783</x>
			<y>311.64204422466975</y>
		</top>
	</object>
	<object>
		<height>1.15</height>
		<top>
			<x>319.63040894956936</x>
			<y>270.52992443308057</y>
		</top>
	</object>
</annotation>
