<annotation>
	<object>
		<height>1.06</height>
		<top>
			<x>261.5522757250137</x>
			<y>443.9315923367337</y>
		</top>
	</object>
	<object>
		<height>1.01</height>
		<top>
			<x>304.4628738976756</x>
			<y>411.38145224491296</y>
		</top>
	</object>
	<object>
		<height>1.09</height>
		<top>
			<x>311.45176771697794</x>
			<y>367.88647182677175</y>
		</top>
	</object>
	<object>
		<height>1.0</height>
		<top>
			<x>389.89681233363774</x>
			<y>316.80151849584126</y>
		</top>
	</object>
	<object>
		<height>1.17</height>
		<top>
			<x>319.7264504168597</x>
			<y>264.00230393604215</y>
		</top>
	</object>
	<object>
		<height>1.09</height>
		<top>
			<x>351.767293926324</x>
			<y>359.12063405483235</y>
		</top>
	</object>
</annotation>
