<annotation>
	<object>
		<height>1.04</height>
		<top>
			<x>296.40663154976875</x>
			<y>410.1191998805074</y>
		</top>
	</object>
	<object>
		<height>1.06</height>
		<top>
			<x>269.11470422459956</x>
			<y>443.0676504861435</y>
		</top>
	</object>
	<object>
		<height>1.11</height>
		<top>
			<x>309.5804918000519</x>
			<y>360.7717095545956</y>
		</top>
	</object>
	<object>
		<height>1.03</height>
		<top>
			<x>390.71895238411594</x>
			<y>322.5586794615935</y>
		</top>
	</object>
	<object>
		<height>1.16</height>
		<top>
			<x>321.37434572780836</x>
			<y>258.74798620864794</y>
		</top>
	</object>
	<object>
		<height>1.1</height>
		<top>
			<x>352.86809076531847</x>
			<y>367.74779487313606</y>
		</top>
	</object>
</annotation>
