<annotation>
	<object>
		<height>1.06</height>
		<top>
			<x>276.06508526200605</x>
			<y>442.76284098882564</y>
		</top>
	</object>
	<object>
		<height>1.06</height>
		<top>
			<x>290.0553477204831</x>
			<y>406.7295840969339</y>
		</top>
	</object>
	<object>
		<height>1.08</height>
		<top>
			<x>308.9103325424285</x>
			<y>354.0102382580249</y>
		</top>
	</object>
	<object>
		<height>1.01</height>
		<top>
			<x>390.2433524482233</x>
			<y>325.92165262099894</y>
		</top>
	</object>
	<object>
		<height>1.19</height>
		<top>
			<x>322.8196987941313</x>
			<y>254.63902093441027</y>
		</top>
	</object>
	<object>
		<height>1.07</height>
		<top>
			<x>352.79917253379574</x>
			<y>373.30614584933517</y>
		</top>
	</object>
</annotation>
