<annotation>
	<object>
		<height>1.08</height>
		<top>
			<x>284.3628042943308</x>
			<y>440.53207669278424</y>
		</top>
	</object>
	<object>
		<height>1.15</height>
		<top>
			<x>282.5020418628468</x>
			<y>403.79214398456196</y>
		</top>
	</object>
	<object>
		<height>1.01</height>
		<top>
			<x>389.38717529584034</x>
			<y>332.29592276528444</y>
		</top>
	</object>
	<object>
		<height>1.19</height>
		<top>
			<x>326.1000402474635</x>
			<y>249.6694389011074</y>
		</top>
	</object>
	<object>
		<height>1.09</height>
		<top>
			<x>350.3555374292824</x>
			<y>381.72793917741876</y>
		</top>
	</object>
	<object>
		<height>1.08</height>
		<top>
			<x>307.7618678999436</x>
			<y>348.61324142084027</y>
		</top>
	</object>
</annotation>
