<annotation>
	<object>
		<height>1.04</height>
		<top>
			<x>287.57315276539396</x>
			<y>439.5125824059524</y>
		</top>
	</object>
	<object>
		<height>1.12</height>
		<top>
			<x>276.99694978290677</x>
			<y>402.9041300924069</y>
		</top>
	</object>
	<object>
		<height>1.05</height>
		<top>
			<x>350.9534685149593</x>
			<y>386.10939044835715</y>
		</top>
	</object>
	<object>
		<height>1.09</height>
		<top>
			<x>306.3047466502403</x>
			<y>343.15922415861786</y>
		</top>
	</object>
	<object>
		<height>1.0</height>
		<top>
			<x>391.00482166987314</x>
			<y>337.36665429378706</y>
		</top>
	</object>
	<object>
		<height>1.18</height>
		<top>
			<x>327.7517743568216</x>
			<y>248.87169571002195</y>
		</top>
	</object>
</annotation>
