<annotation>
	<object>
		<height>1.15</height>
		<top>
			<x>271.8142220249877</x>
			<y>399.0672653641109</y>
		</top>
	</object>
	<object>
		<height>1.04</height>
		<top>
			<x>294.903009205174</x>
			<y>437.9720716618077</y>
		</top>
	</object>
	<object>
		<height>1.08</height>
		<top>
			<x>350.0836816139419</x>
			<y>392.6526700248023</y>
		</top>
	</object>
	<object>
		<height>1.0</height>
		<top>
			<x>390.7652014424921</x>
			<y>342.14289186851124</y>
		</top>
	</object>
	<object>
		<height>1.2</height>
		<top>
			<x>333.48857099954466</x>
			<y>246.237817599318</y>
		</top>
	</object>
	<object>
		<height>1.12</height>
		<top>
			<x>305.4225604037298</x>
			<y>338.16013676996477</y>
		</top>
	</object>
</annotation>
