<annotation>
	<object>
		<height>1.1</height>
		<top>
			<x>265.25929837472916</x>
			<y>396.1529536050785</y>
		</top>
	</object>
	<object>
		<height>1.02</height>
		<top>
			<x>299.9094713129822</x>
			<y>437.0887480960389</y>
		</top>
	</object>
	<object>
		<height>1.07</height>
		<top>
			<x>349.8329144330791</x>
			<y>400.3119618254983</y>
		</top>
	</object>
	<object>
		<height>1.06</height>
		<top>
			<x>303.86312101631285</x>
			<y>330.37297403480295</y>
		</top>
	</object>
	<object>
		<height>1.0</height>
		<top>
			<x>389.3170785868777</x>
			<y>346.6102765332374</y>
		</top>
	</object>
	<object>
		<height>1.18</height>
		<top>
			<x>339.0333707764207</x>
			<y>245.34968701674705</y>
		</top>
	</object>
</annotation>
