<annotation>
	<object>
		<height>1.03</height>
		<top>
			<x>303.6101524307289</x>
			<y>437.91238470462264</y>
		</top>
	</object>
	<object>
		<height>1.07</height>
		<top>
			<x>263.55553102709655</x>
			<y>391.0465520839462</y>
		</top>
	</object>
	<object>
		<height>1.08</height>
		<top>
			<x>349.16876056524654</x>
			<y>405.2518865069327</y>
		</top>
	</object>
	<object>
		<height>1.0</height>
		<top>
			<x>387.5437697225172</x>
			<y>351.3398487506052</y>
		</top>
	</object>
	<object>
		<height>1.09</height>
		<top>
			<x>304.256364671953</x>
			<y>325.4554916443174</y>
		</top>
	</object>
	<object>
		<height>1.18</height>
		<top>
			<x>340.60719891056203</x>
			<y>248.2844856936451</y>
		</top>
	</object>
</annotation>
