<annotation>
	<object>
		<height>1.02</height>
		<top>
			<x>311.68634630410776</x>
			<y>438.9909424067376</y>
		</top>
	</object>
	<object>
		<height>1.1</height>
		<top>
			<x>258.51457864710295</x>
			<y>385.5083669052627</y>
		</top>
	</object>
	<object>
		<height>1.1</height>
		<top>
			<x>301.73537712019584</x>
			<y>318.9609863423165</y>
		</top>
	</object>
	<object>
		<height>1.0</height>
		<top>
			<x>382.385716746499</x>
			<y>353.5141887057753</y>
		</top>
	</object>
	<object>
		<height>1.08</height>
		<top>
			<x>348.9782669210382</x>
			<y>412.0303694741303</y>
		</top>
	</object>
	<object>
		<height>1.19</height>
		<top>
			<x>345.2462830199374</x>
			<y>248.86041612260937</y>
		</top>
	</object>
</annotation>
