<annotation>
	<object>
		<height>1.1</height>
		<top>
			<x>252.86491773756993</x>
			<y>381.371510200148</y>
		</top>
	</object>
	<object>
		<height>1.18</height>
		<top>
			<x>349.3945951454227</x>
			<y>253.05542827173386</y>
		</top>
	</object>
	<object>
		<height>0.98</height>
		<top>
			<x>376.65836529765704</x>
			<y>355.9948203075895</y>
		</top>
	</object>
	<object>
		<height>1.02</height>
		<top>
			<x>317.02112433906655</x>
			<y>437.30371695830246</y>
		</top>
	</object>
	<object>
		<height>1.06</height>
		<top>
			<x>301.701047817263</x>
			<y>314.2659574621787</y>
		</top>
	</object>
	<object>
		<height>1.04</height>
		<top>
			<x>349.4458199540018</x>
			<y>415.4577948249381</y>
		</top>
	</object>
</annotation>
