<annotation>
	<object>
		<height>1.07</height>
		<top>
			<x>349.03616456876784</x>
			<y>421.0183234034834</y>
		</top>
	</object>
	<object>
		<height>1.01</height>
		<top>
			<x>370.33783433742076</x>
			<y>359.052836345135</y>
		</top>
	</object>
	<object>
		<height>1.12</height>
		<top>
			<x>300.32544276667414</x>
			<y>309.12129104478987</y>
		</top>
	</object>
	<object>
		<height>1.2</height>
		<top>
			<x>349.148849109213</x>
			<y>253.3765628993549</y>
		</top>
	</object>
	<object>
		<height>1.03</height>
		<top>
			<x>320.58444951807735</x>
			<y>437.82103650786877</y>
		</top>
	</object>
	<object>
		<height>1.16</height>
		<top>
			<x>250.55371850374078</x>
			<y>375.67909799624084</y>
		</top>
	</object>
</annotation>
