<annotation>
	<object>
		<height>1.01</height>
		<top>
			<x>325.79514155420173</x>
			<y>436.11877501695056</y>
		</top>
	</object>
	<object>
		<height>1.09</height>
		<top>
			<x>250.01650621083144</x>
			<y>370.45496255233166</y>
		</top>
	</object>
	<object>
		<height>1.06</height>
		<top>
			<x>348.2863426451896</x>
			<y>425.2582031910795</y>
		</top>
	</object>
	<object>
		<height>1.0</height>
		<top>
			<x>366.3761412029655</x>
			<y>360.7399395140897</y>
		</top>
	</object>
	<object>
		<height>1.09</height>
		<top>
			<x>299.3317605215271</x>
			<y>304.0401827983314</y>
		</top>
	</object>
	<object>
		<height>1.2</height>
		<top>
			<x>350.8444302138325</x>
			<y>258.13637716298336</y>
		</top>
	</object>
</annotation>
