<annotation>
	<object>
		<height>1.12</height>
		<top>
			<x>247.811559915775</x>
			<y>363.2651386433476</y>
		</top>
	</object>
	<object>
		<height>1.04</height>
		<top>
			<x>346.6505258705275</x>
			<y>431.05253773199024</y>
		</top>
	</object>
	<object>
		<height>1.17</height>
		<top>
			<x>352.4259828533789</x>
			<y>261.9793834955308</y>
		</top>
	</object>
	<object>
		<height>1.09</height>
		<top>
			<x>297.2571534356737</x>
			<y>298.28883473253563</y>
		</top>
	</object>
	<object>
		<height>1.04</height>
		<top>
			<x>358.28075411377904</x>
			<y>366.20206086275255</y>
		</top>
	</object>
	<object>
		<height>1.04</height>
		<top>
			<x>331.15428704482326</x>
			<y>434.849673404959</y>
		</top>
	</object>
</annotation>
