<annotation>
	<object>
		<height>1.08</height>
		<top>
			<x>298.36016547799585</x>
			<y>292.93551402365875</y>
		</top>
	</object>
	<object>
		<height>1.12</height>
		<top>
			<x>250.0429492412275</x>
			<y>357.1827988037612</y>
		</top>
	</object>
	<object>
		<height>1.05</height>
		<top>
			<x>346.39260591118887</x>
			<y>437.00991225307985</y>
		</top>
	</object>
	<object>
		<height>1.06</height>
		<top>
			<x>333.58796828880725</x>
			<y>432.8732140177138</y>
		</top>
	</object>
	<object>
		<height>1.2</height>
		<top>
			<x>351.8349542785618</x>
			<y>264.6432262811695</y>
		</top>
	</object>
	<object>
		<height>1.02</height>
		<top>
			<x>355.04934028046915</x>
			<y>368.34834755474634</y>
		</top>
	</object>
</annotation>
