<annotation>
	<object>
		<height>1.07</height>
		<top>
			<x>249.07630584009772</x>
			<y>354.02809234463865</y>
		</top>
	</object>
	<object>
		<height>1.09</height>
		<top>
			<x>297.8238537559969</x>
			<y>288.5161348262958</y>
		</top>
	</object>
	<object>
		<height>1.2</height>
		<top>
			<x>352.2763980507475</x>
			<y>267.77323476911886</y>
		</top>
	</object>
	<object>
		<height>1.06</height>
		<top>
			<x>347.3284446954333</x>
			<y>373.12668708046283</y>
		</top>
	</object>
	<object>
		<height>1.05</height>
		<top>
			<x>347.7862423101867</x>
			<y>429.53597381137394</y>
		</top>
	</object>
	<object>
		<height>1.13</height>
		<top>
			<x>351.7249749931875</x>
			<y>442.78988226717195</y>
		</top>
	</object>
</annotation>
