<annotation>
	<object>
		<height>1.04</height>
		<top>
			<x>248.5625431785964</x>
			<y>345.3099762205216</y>
		</top>
	</object>
	<object>
		<height>1.08</height>
		<top>
			<x>294.88176146954623</x>
			<y>280.345197448681</y>
		</top>
	</object>
	<object>
		<height>0.98</height>
		<top>
			<x>341.0534870782292</x>
			<y>377.1865190899737</y>
		</top>
	</object>
	<object>
		<height>1.03</height>
		<top>
			<x>344.8502316426277</x>
			<y>427.1466971240264</y>
		</top>
	</object>
	<object>
		<height>1.04</height>
		<top>
			<x>348.99523763574297</x>
			<y>446.46084043240154</y>
		</top>
	</object>
	<object>
		<height>1.18</height>
		<top>
			<x>351.43289716726173</x>
			<y>270.4459761012825</y>
		</top>
	</object>
</annotation>
