<annotation>
	<object>
		<height>1.04</height>
		<top>
			<x>350.3246659791716</x>
			<y>449.2063647998112</y>
		</top>
	</object>
	<object>
		<height>1.01</height>
		<top>
			<x>348.46310359055866</x>
			<y>427.403474027993</y>
		</top>
	</object>
	<object>
		<height>1.09</height>
		<top>
			<x>246.77052505509184</x>
			<y>338.6736997069692</y>
		</top>
	</object>
	<object>
		<height>1.07</height>
		<top>
			<x>292.43612124414994</x>
			<y>276.7984154762668</y>
		</top>
	</object>
	<object>
		<height>1.2</height>
		<top>
			<x>351.5925835342372</x>
			<y>271.11807399019045</y>
		</top>
	</object>
	<object>
		<height>1.01</height>
		<top>
			<x>334.53390071570874</x>
			<y>382.0632523326879</y>
		</top>
	</object>
</annotation>
