<annotation>
	<object>
		<height>1.07</height>
		<top>
			<x>350.4798785062036</x>
			<y>452.9390887828769</y>
		</top>
	</object>
	<object>
		<height>1.05</height>
		<top>
			<x>353.80463669190635</x>
			<y>425.1354487262706</y>
		</top>
	</object>
	<object>
		<height>0.99</height>
		<top>
			<x>329.79089626229</x>
			<y>387.1863819876871</y>
		</top>
	</object>
	<object>
		<height>1.08</height>
		<top>
			<x>290.6090986900036</x>
			<y>271.1268155333734</y>
		</top>
	</object>
	<object>
		<height>1.19</height>
		<top>
			<x>350.7569062211535</x>
			<y>271.71446263328323</y>
		</top>
	</object>
	<object>
		<height>1.11</height>
		<top>
			<x>245.12547026711198</x>
			<y>331.6118232343511</y>
		</top>
	</object>
</annotation>
