<annotation>
	<object>
		<height>1.06</height>
		<top>
			<x>351.111455136054</x>
			<y>457.37799865375484</y>
		</top>
	</object>
	<object>
		<height>1.08</height>
		<top>
			<x>358.61497926100526</x>
			<y>423.82872458615327</y>
		</top>
	</object>
	<object>
		<height>1.17</height>
		<top>
			<x>349.3660749379585</x>
			<y>269.70608434518505</y>
		</top>
	</object>
	<object>
		<height>1.08</height>
		<top>
			<x>289.5199535643564</x>
			<y>266.26407736816145</y>
		</top>
	</object>
	<object>
		<height>1.1</height>
		<top>
			<x>241.9388553712241</x>
			<y>325.1574024737735</y>
		</top>
	</object>
	<object>
		<height>1.04</height>
		<top>
			<x>323.99851824838714</x>
			<y>392.86422351204175</y>
		</top>
	</object>
</annotation>
