<annotation>
	<object>
		<height>1.06</height>
		<top>
			<x>348.78331643070965</x>
			<y>460.13517247513147</y>
		</top>
	</object>
	<object>
		<height>1.01</height>
		<top>
			<x>320.00964389054303</x>
			<y>399.5907872068701</y>
		</top>
	</object>
	<object>
		<height>1.09</height>
		<top>
			<x>363.67502361936357</x>
			<y>421.8642874477982</y>
		</top>
	</object>
	<object>
		<height>1.12</height>
		<top>
			<x>238.70768820349156</x>
			<y>320.38427973577564</y>
		</top>
	</object>
	<object>
		<height>1.08</height>
		<top>
			<x>288.5624017429003</x>
			<y>261.32984797092814</y>
		</top>
	</object>
	<object>
		<height>1.18</height>
		<top>
			<x>344.84091636902735</x>
			<y>266.3369268166573</y>
		</top>
	</object>
</annotation>
