<annotation>
	<object>
		<height>1.05</height>
		<top>
			<x>351.0859888078726</x>
			<y>465.35644233535754</y>
		</top>
	</object>
	<object>
		<height>0.96</height>
		<top>
			<x>318.23543350978633</x>
			<y>405.28694838887316</y>
		</top>
	</object>
	<object>
		<height>1.13</height>
		<top>
			<x>340.82502270787853</x>
			<y>263.7292673691904</y>
		</top>
	</object>
	<object>
		<height>1.09</height>
		<top>
			<x>285.3217657967088</x>
			<y>257.39194147260844</y>
		</top>
	</object>
	<object>
		<height>1.1</height>
		<top>
			<x>239.14000143248916</x>
			<y>313.5366783416777</y>
		</top>
	</object>
	<object>
		<height>1.04</height>
		<top>
			<x>365.9510435747753</x>
			<y>417.0562729741378</y>
		</top>
	</object>
</annotation>
