<annotation>
	<object>
		<height>1.1</height>
		<top>
			<x>236.9770505536559</x>
			<y>308.91560922985167</y>
		</top>
	</object>
	<object>
		<height>1.05</height>
		<top>
			<x>354.173073167052</x>
			<y>468.2887552674152</y>
		</top>
	</object>
	<object>
		<height>1.09</height>
		<top>
			<x>371.4804872965508</x>
			<y>414.67738363242114</y>
		</top>
	</object>
	<object>
		<height>0.95</height>
		<top>
			<x>317.0422455756604</x>
			<y>410.84152358875815</y>
		</top>
	</object>
	<object>
		<height>1.17</height>
		<top>
			<x>337.80568656880155</x>
			<y>262.12714080820194</y>
		</top>
	</object>
	<object>
		<height>1.09</height>
		<top>
			<x>282.2038843556686</x>
			<y>253.12617629708032</y>
		</top>
	</object>
</annotation>
