<annotation>
	<object>
		<height>1.03</height>
		<top>
			<x>357.7203000544184</x>
			<y>473.1754335753705</y>
		</top>
	</object>
	<object>
		<height>0.98</height>
		<top>
			<x>316.65371930233516</x>
			<y>418.24338621834494</y>
		</top>
	</object>
	<object>
		<height>1.1</height>
		<top>
			<x>237.47736071979293</x>
			<y>301.7340670307633</y>
		</top>
	</object>
	<object>
		<height>1.09</height>
		<top>
			<x>278.8382686794506</x>
			<y>248.45028919569629</y>
		</top>
	</object>
	<object>
		<height>1.09</height>
		<top>
			<x>327.41928379479117</x>
			<y>256.7256323235231</y>
		</top>
	</object>
	<object>
		<height>1.06</height>
		<top>
			<x>377.0093853106314</x>
			<y>412.75036220214594</y>
		</top>
	</object>
</annotation>
