<annotation>
	<object>
		<height>1.08</height>
		<top>
			<x>362.01339403644147</x>
			<y>475.8623396361196</y>
		</top>
	</object>
	<object>
		<height>0.97</height>
		<top>
			<x>316.5454644799066</x>
			<y>424.59631609137637</y>
		</top>
	</object>
	<object>
		<height>1.07</height>
		<top>
			<x>381.49400515958433</x>
			<y>408.80342832944456</y>
		</top>
	</object>
	<object>
		<height>1.12</height>
		<top>
			<x>237.7129760005555</x>
			<y>298.57168799651487</y>
		</top>
	</object>
	<object>
		<height>1.09</height>
		<top>
			<x>276.3647932070776</x>
			<y>245.0354373131861</y>
		</top>
	</object>
	<object>
		<height>1.14</height>
		<top>
			<x>322.86448358111244</x>
			<y>250.86028433278227</y>
		</top>
	</object>
</annotation>
