<annotation>
	<object>
		<height>1.05</height>
		<top>
			<x>364.6583609031426</x>
			<y>480.3578199787047</y>
		</top>
	</object>
	<object>
		<height>0.99</height>
		<top>
			<x>318.2171769111901</x>
			<y>430.5803588081601</y>
		</top>
	</object>
	<object>
		<height>1.07</height>
		<top>
			<x>386.72422730728994</x>
			<y>406.52730248105917</y>
		</top>
	</object>
	<object>
		<height>1.18</height>
		<top>
			<x>235.04430581424796</x>
			<y>293.33632431345035</y>
		</top>
	</object>
	<object>
		<height>1.09</height>
		<top>
			<x>273.4907927584352</x>
			<y>241.7065518225439</y>
		</top>
	</object>
	<object>
		<height>1.16</height>
		<top>
			<x>318.9254338768749</x>
			<y>247.65075560661802</y>
		</top>
	</object>
</annotation>
